{
  "project_info": {
    "project_number": "56542100396",
    "firebase_url": "https://chattingsample-6b52d.firebaseio.com",
    "project_id": "chattingsample-6b52d",
    "storage_bucket": "chattingsample-6b52d.appspot.com"
  },
  "client": [
    {
      "client_info": {
        "mobilesdk_app_id": "1:56542100396:android:6b246150ec01399e441809",
        "android_client_info": {
          "package_name": "com.example.chattingsample"
        }
      },
      "oauth_client": [
        {
          "client_id": "56542100396-u6u62poa1q6gh0snjnfapte5mfds8b33.apps.googleusercontent.com",
          "client_type": 1,
          "android_info": {
            "package_name": "com.example.chattingsample",
            "certificate_hash": "5a48f10cd116c6125c262f29ef457cf69111f11b"
          }
        },
        {
          "client_id": "56542100396-67u505s7gaaa94n50frc3082jqtujip0.apps.googleusercontent.com",
          "client_type": 3
        }
      ],
      "api_key": [
        {
          "current_key": "AIzaSyC2jqADClSfycRiKADaHAHPWz4wNyRmQdU"
        }
      ],
      "services": {
        "appinvite_service": {
          "other_platform_oauth_client": [
            {
              "client_id": "56542100396-67u505s7gaaa94n50frc3082jqtujip0.apps.googleusercontent.com",
              "client_type": 3
            }
          ]
        }
      }
    }
  ],
  "configuration_version": "1"
}